<?xml version="1.0" encoding="UTF-8"?>
<templates id="template" xml:space="preserve">

    <t t-name="ConfirmPopup" owl="1">
            <Draggable>
                <div class="popup popup-confirm">
                    <header class="title drag-handle">
                        <t t-esc="props.title" />
                    </header>
                    <main class="body">
                        <t t-esc=" props.body" />
                    </main>
                    <footer class="footer">
                        <div class="button confirm" t-on-click="confirm">
                            <t t-esc="props.confirmText" />
                        </div>
                        <div class="button cancel" t-on-click="cancel">
                            <t t-esc="props.cancelText" />
                        </div>
                    </footer>
                </div>
            </Draggable>
    </t>

</templates>
