<?xml version="1.0" encoding="UTF-8"?>
<templates id="template" xml:space="preserve">

    <t t-name="ErrorPopup" owl="1">
            <div class="popup popup-error">
                <p class="title">
                    <t t-esc="props.title" />
                </p>
                <p class="body">
                    <t t-esc="props.body" />
                </p>
                <div class="footer">
                    <div class="button cancel" t-on-click="confirm">
                        <t t-esc="props.confirmText" />
                    </div>
                </div>
            </div>
    </t>

</templates>
