<?xml version="1.0" encoding="UTF-8"?>
<templates id="template" xml:space="preserve">

    <t t-name="ErrorBarcodePopup" owl="1">
            <Draggable>
                <div class="popup popup-barcode">
                    <header class="title drag-handle">
                        <span>Unknown Barcode</span>
                        <br />
                        <span class="barcode">
                            <t t-esc="props.code" />
                        </span>
                    </header>
                    <main class="body">
                        <t t-esc="translatedMessage" />
                    </main>
                    <footer class="footer">
                        <div class="button cancel" t-on-click="confirm">
                            Ok
                        </div>
                    </footer>
                </div>
            </Draggable>
    </t>

</templates>
